ra,dec
53.6511231,20.5990205
170.1408561,-4.8070039
179.7058532,-3.3894613
184.6021322,-0.5512886
168.9366786,0.4880606
183.7203635,1.9681688
185.1880932,2.2823788
175.0972238,4.5574311
173.9385102,4.6164303
169.483654,5.988289
175.206752,6.1348146
333.1100738,-16.3418863
331.2771441,-14.1218019
331.2771441,-14.1218019
331.2771441,-14.1218019
341.2404563,-13.9011223
337.5136198,-13.6101475
337.5136198,-13.6101475
335.0949721,-9.5097112
337.6178427,-7.972456
337.6178427,-7.972456
130.4102091,17.6399744
136.5741931,19.4020565
207.2061241,-17.6098985
207.2061241,-17.6098985
202.3313765,-14.3594358
202.488752,-12.7347749
205.4445125,-10.8625468
205.4445125,-10.8625468
210.6376171,-10.0236852
210.6376171,-10.0236852
204.2215065,-7.3180577
204.2215065,-7.3180577
16.7615005,6.588798
13.4321524,7.9952914
13.0800239,10.7947051
13.0800239,10.7947051
189.5748998,-5.2446247
186.4860415,-1.4047214
78.9198197,16.2786991
159.3890808,11.8427484
228.2482353,-16.7246474
228.2482353,-16.7246474
228.2482353,-16.7246474
134.7188514,21.0747961
351.7717763,-1.2853435
351.7717763,-1.2853435
351.7717763,-1.2853435
99.8979924,25.4824005
100.8480137,27.2521823
289.4007603,-22.3900092
289.202402,-19.3559227
291.4787013,-23.2028183
290.8101704,-20.1663771
183.4724742,-0.3934357
183.4724742,-0.3934357
231.7420543,-16.5090014
231.7420543,-16.5090014
358.6390056,-4.7233362
358.6390056,-4.7233362
358.6390056,-4.7233362
8.7401487,4.3807215
8.7401487,4.3807215
8.7401487,4.3807215
8.7401487,4.3807215
129.6894456,23.6852651
140.3390845,14.3678691
154.6710977,10.1288464
353.9543517,0.4447043
126.6158279,10.0803708
126.6158279,10.0803708
126.6158279,10.0803708
126.6158279,10.0803708
126.6158279,10.0803708
172.1216476,1.6906217
129.6010863,20.1060074
130.3439097,18.9338205
130.0558953,19.7787519
129.6366594,19.7737202
125.4202985,13.4975122
284.985355,-22.2934206
123.3818484,16.419516
169.0418328,1.9866832
207.3497402,-12.2849182
59.8903081,21.2985263
59.8903081,21.2985263
19.4493823,6.8688469
127.882912,11.922255
126.5535002,12.281851
336.1523363,-11.5793181
133.8557342,10.4692176
133.8557342,10.4692176
132.1268608,15.6558964
132.0098683,16.9017663
173.1919022,2.2446794
126.9366624,17.5793267
126.4762179,20.3593384
134.4441404,21.4532748
133.6410515,23.1329509
204.1418754,-14.9478195
203.5467021,-13.5769705
207.0782895,-11.5889878
204.4376666,-8.5970858
289.1485491,-25.6463233
170.1554763,2.5027534
290.2705419,-19.6908744
182.751404,-9.7652392
182.1662666,-8.7472172
70.1493775,25.0098135
70.1493775,25.0098135
70.1493775,25.0098135
70.1493775,25.0098135
67.4128615,22.8825674
67.4128615,22.8825674
67.4128615,22.8825674
186.870426,-6.1952168
348.9490311,-10.8497391
348.9490311,-10.8497391
348.9490311,-10.8497391
348.9490311,-10.8497391
348.9490311,-10.8497391
348.9490311,-10.8497391
289.066707,-17.9107147
178.0568745,2.5941222
188.1373172,-9.6076115
350.9170464,-1.1891827
350.9170464,-1.1891827
130.0266951,19.0923416
130.0266951,19.0923416
293.8330329,-28.498475
14.5176494,-0.193258
14.5176494,-0.193258
14.5176494,-0.193258
9.8217519,7.2769939
178.1105741,4.2546649
18.3443908,8.9874328
19.3047733,9.5012663
181.6324078,-5.8274311
183.8088709,2.0208765
189.0015173,-2.6696217
189.0015173,-2.6696217
65.469614,21.3532633
65.469614,21.3532633
65.469614,21.3532633
182.699673,-6.2943552
183.7514959,-5.7820178
179.9397081,-5.7216879
179.9397081,-5.7216879
180.5408896,-3.5809053
175.0972238,4.5574311
175.0972238,4.5574311
184.0545174,-3.5530888
183.7938491,-3.4956913
186.0383865,-1.111479
182.3292517,-0.5393421
171.933659,-0.0628488
184.9004881,0.968327
184.9004881,0.968327
184.9004881,0.968327
185.1880932,2.2823788
336.5761233,-18.011665
333.1100738,-16.3418863
337.0442461,-14.5993376
178.3296746,6.4123178
335.4506923,-14.5933554
335.4506923,-14.5933554
332.3407712,-13.4288624
335.3081368,-12.5569819
335.3081368,-12.5569819
60.3752402,15.6251296
60.7929729,16.347166
52.5035514,17.5841081
58.2691796,17.9069486
55.2296156,20.7360891
52.8888524,22.4348186
58.7967878,23.7567524
172.560141,7.5878315
172.560141,7.5878315
126.4643579,10.246577
127.5541103,10.9101444
130.180046,10.9829509
125.007177,14.0194586
125.007177,14.0194586
125.007177,14.0194586
129.1405227,14.4618826
130.2596625,14.6902225
130.2596625,14.6902225
135.3350487,18.8252879
132.5235618,23.1924709
132.5235618,23.1924709
132.5235618,23.1924709
132.5235618,23.1924709
129.8137008,23.3574367
129.8137008,23.3574367
203.6214411,-15.0365158
203.6214411,-15.0365158
174.9602543,0.603596
174.9602543,0.603596
174.9602543,0.603596
205.3630485,-13.1608686
205.3630485,-13.1608686
201.6391407,-12.8066737
206.5823122,-11.5563527
205.2371043,-11.0093342
204.6089755,-8.9271609
199.8315191,-8.5095364
199.8315191,-8.5095364
200.4562487,-8.4717104
202.3934779,-7.3739779
198.8436817,-6.4649888
198.8436817,-6.4649888
198.8436817,-6.4649888
208.9014508,-6.1360833
208.9014508,-6.1360833
202.251206,-4.6100532
293.5607117,-23.1312775
293.5607117,-23.1312775
269.8798333,-27.6074722
283.2643203,-22.4070553
12.7736909,-1.1958844
17.3825067,-0.5177539
15.2175909,0.425966
11.2564264,0.5931866
11.6996481,0.6406182
20.7789809,0.8890076
14.6903464,1.382807
340.3037846,-14.4893256
340.3037846,-14.4893256
17.6412694,1.5784137
21.1061587,1.7049101
18.4241015,3.0970732
13.1403998,3.5077702
14.8759777,4.2277722
18.4700795,6.1238647
11.4802354,6.3470302
11.2983678,6.4815879
12.809613,6.8464327
12.8452963,8.8675474
12.8452963,8.8675474
12.8452963,8.8675474
169.4827046,2.6190363
12.7700071,9.5167694
16.6550286,10.1897385
16.4625203,11.7537171
185.306183,-10.2820915
185.306183,-10.2820915
189.7041426,-10.0605942
189.7041426,-10.0605942
186.5410958,-9.6248232
183.6456643,-9.5626286
190.9484237,-8.4784159
187.2947047,-6.8342028
186.8729195,-6.7218474
186.8729195,-6.7218474
191.363117,-6.576051
289.0918242,-15.7712178
73.7667927,18.654323
230.4799011,-20.2317975
230.4799011,-20.2317975
230.4799011,-20.2317975
253.7688479,-28.7105836
347.7043164,-7.8575592
160.5941265,4.4413751
160.5941265,4.4413751
160.5941265,4.4413751
242.5734559,-24.9906029
242.5734559,-24.9906029
227.849371,-17.8754464
227.849371,-17.8754464
181.2386829,-6.8052985
179.8358421,-6.5178542
181.1211419,-4.8991358
181.1211419,-4.8991358
183.4686492,-3.8318097
185.181563,-1.5909138
181.6296115,-1.1606
188.8935189,-10.0692793
188.8935189,-10.0692793
182.8173343,-9.4141696
183.3667344,-8.9952309
63.2739346,15.2477027
185.0315429,-8.9757427
190.6892403,-8.5359826
182.3663818,-8.3096141
186.0853062,-6.3789537
185.5507926,-4.7172908
185.5507926,-4.7172908
189.9128532,-3.3705631
188.278284,-1.9532879
187.6314027,-1.1609171
186.8026947,1.5668631
94.2064312,24.5958335
76.8673317,16.8676948
163.0323119,0.493167
129.6821253,15.6806039
131.3583524,19.698401
131.3583524,19.698401
342.0316493,-14.4947789
157.9356855,0.9372782
157.9356855,0.9372782
157.9356855,0.9372782
157.9356855,0.9372782
133.7094899,11.8482712
133.7094899,11.8482712
133.7094899,11.8482712
133.7094899,11.8482712
133.7094899,11.8482712
130.1551381,13.0146799
171.5151874,1.2306237
131.2665588,13.5497322
131.2665588,13.5497322
125.2239144,16.0907958
132.6211743,17.5423852
129.7768928,19.0100046
129.2823699,20.3992512
132.1698795,20.4550162
132.1698795,20.4550162
125.9528309,22.6339399
202.0161895,-15.9379749
203.3018653,-14.5041057
204.7792935,-6.0417592
335.6233145,-7.9563525
291.5953596,-22.2477071
16.2274724,7.2692169
13.4321524,7.9952914
13.1943679,9.6929181
79.1407971,20.2549034
349.3843458,1.3001522
349.3843458,1.3001522
349.3843458,1.3001522
349.3843458,1.3001522
233.3698192,-16.7737113
233.0743401,-22.3583447
55.4442857,18.2684913
246.6429443,-15.7925384
62.670422,24.4016558
234.8578846,-20.1988975
234.8578846,-20.1988975
76.44594,21.548199
205.3758786,-9.9460704
351.6064952,-6.0279068
352.0516724,-7.6037856
19.6101417,6.8167277
172.3353708,-1.4551364
172.3353708,-1.4551364
172.3353708,-1.4551364
52.3420548,22.2993491
78.3391194,16.4141986
245.4405531,-23.548273
140.3390845,14.3678691
228.0210932,-20.1081634
233.6247336,-23.2594663
233.6247336,-23.2594663
228.6188638,-21.0227209
232.4461375,-17.557463
166.8010058,3.0399357
252.426008,-19.5430504
252.426008,-19.5430504
252.426008,-19.5430504
252.426008,-19.5430504
163.2519122,5.3064776
156.4054989,2.5138829
156.6226981,4.7640203
159.4209874,6.2858689
157.6222171,6.8636732
353.9169507,-7.6867213
351.612262,1.3375909
351.1353785,-5.1641451
242.5613635,-19.3193831
126.8968265,11.6674131
132.7376431,13.170269
132.7376431,13.170269
135.8832666,14.2504994
136.7892752,15.2056765
136.4894259,16.3255146
129.3896679,16.5220648
133.8382032,16.7940663
127.761137,16.9004702
124.3609294,17.0241557
130.082542,18.6929046
127.5787231,22.2359194
127.9373409,19.0745863
130.4971951,19.9166357
133.1218996,21.2386816
134.2021746,21.5026882
134.2021746,21.5026882
136.3614923,21.6685886
132.7075876,21.7890367
125.9864854,22.663226
126.3726821,23.2974061
130.8783479,24.4229559
130.8783479,24.4229559
199.0996546,-14.4447454
170.1031027,1.2858679
170.1031027,1.2858679
204.0355092,-14.0092516
204.0355092,-14.0092516
206.6522408,-11.8049588
140.4451478,18.469628
140.4451478,18.469628
140.4451478,18.469628
129.1299193,10.1472175
124.6426189,13.5027816
128.3219134,13.6613758
131.9386628,16.3289144
133.8081054,18.9497263
169.4490102,3.8665038
169.4490102,3.8665038
183.7203635,1.9681688
238.8197061,-21.0269691
243.6800912,-19.3468837
337.8588454,-13.2644554
332.6357627,-11.1661157
332.6357627,-11.1661157
332.6357627,-11.1661157
329.7262534,-10.8750666
243.4509662,-24.7870527
243.4509662,-24.7870527
243.4509662,-24.7870527
67.8205302,19.8316901
128.0670932,11.6307099
130.7988719,13.0094226
123.1361518,13.6884986
137.3794986,16.3558324
137.3794986,16.3558324
130.5013137,20.3593003
132.7193327,25.0380824
202.897887,-12.0951142
205.1596569,-11.1172332
283.0317641,-27.1807287
240.0333095,-23.1894196
240.0333095,-23.1894196
283.4346389,-26.5387308
288.0267612,-21.0075789
288.0267612,-21.0075789
288.0267612,-21.0075789
287.4125267,-19.6269336
282.008765,-18.3795798
20.4998403,0.7509701
20.4998403,0.7509701
20.4998403,0.7509701
20.4998403,0.7509701
20.4998403,0.7509701
12.6140752,5.8712567
18.2999964,7.0130302
19.4418282,11.3684915
352.7139342,-11.0773564
355.6304152,-9.7135814
355.6304152,-9.7135814
338.3682095,-9.0229405
355.702386,-9.5887124
356.2260152,-7.7015151
354.6499065,-7.4788816
348.5159113,-0.0821031
71.110002,16.5185817
70.4438684,16.6743415
70.4438684,16.6743415
74.6928607,17.2690562
74.6928607,17.2690562
79.9516586,21.2591617
161.7349738,1.9367044
161.7349738,1.9367044
174.7455392,-3.9055746
154.5110307,3.6969271
154.987604,3.9548275
161.451913,6.419318
164.1893864,9.6739464
160.3249517,12.1911149
164.3759959,12.535614
230.8872242,-25.3706149
232.5552584,-23.0067371
232.5552584,-23.0067371
227.9168555,-17.6842698
228.4551125,-16.3512966
58.003631,19.3909877
76.2621295,21.580162
353.4175668,-7.6120272
353.4175668,-7.6120272
351.6361913,-4.6066569
351.6361913,-4.6066569
137.2015437,11.8622503
349.2211822,-5.2015032
350.1417675,-10.0365901
135.0194934,13.2737056
176.6657559,-5.1720463
169.117028,-3.9754405
169.117028,-3.9754405
174.011661,-2.5209338
169.6327547,-1.7740582
174.2662454,-0.90721
168.5825696,2.7805614
176.1233077,3.2723812
177.3202331,3.4755183
169.3034598,-1.8778254
169.3034598,-1.8778254
169.483654,5.988289
246.6114157,-24.9699462
244.1419684,-20.4005984
338.0541631,-17.5440636
333.7518786,-17.2508002
342.6918241,-14.0700007
333.8218395,-14.049857
333.8218395,-14.049857
333.8218395,-14.049857
338.94255,-14.027727
338.94255,-14.027727
178.1921152,-1.1984418
338.6062312,-13.7318044
339.6748444,-13.5600447
334.3645089,-12.1874776
334.3645089,-12.1874776
333.4267738,-12.0663429
333.4267738,-12.0663429
332.4138478,-11.4286687
333.2125206,-10.9261373
331.5266563,-10.7115362
334.0195539,-10.5673649
335.7596816,-10.4886817
167.0937488,-1.065855
338.4759328,-10.0849917
341.7248656,-9.8816109
334.6227504,-9.6120084
334.6227504,-9.6120084
334.6227504,-9.6120084
334.6227504,-9.6120084
335.025662,-9.0560881
339.9192984,-8.7145697
338.844896,-7.469895
338.844896,-7.469895
55.228521,12.572448
55.2559307,13.5191871
169.7935178,-0.2844389
169.7935178,-0.2844389
59.037486,13.5590288
59.037486,13.5590288
59.037486,13.5590288
57.4854562,14.5020556
59.9013782,15.5587994
59.9013782,15.5587994
55.8093566,16.6344396
55.8093566,16.6344396
59.464829,18.4649505
51.5531053,18.6355718
66.2363638,18.8273617
54.7514566,19.1199667
57.0671234,20.4594885
176.263724,0.0054085
59.1527391,22.4724517
59.1527391,22.4724517
63.2182348,24.2047218
129.3625717,18.9766197
127.762837,10.8475571
126.4882114,11.5110933
208.7737624,-5.4424943
207.6554928,-6.8040714
346.6263919,-5.0434618
346.6263919,-5.0434618
346.6263919,-5.0434618
346.6263919,-5.0434618
346.6263919,-5.0434618
346.6263919,-5.0434618
346.6263919,-5.0434618
61.331654,20.1570318
61.331654,20.1570318
61.331654,20.1570318
61.331654,20.1570318
188.3864277,-10.1462141
188.3864277,-10.1462141
19.5505861,2.7027847
349.0634651,0.3066895
201.6551525,-8.3176353
353.6162694,-1.5799849
331.203092,-12.019067
331.203092,-12.019067
331.203092,-12.019067
331.203092,-12.019067
203.7581951,-17.5034961
342.3858995,-10.6754686
175.9080328,6.5637842
206.8461979,-6.1393369
